{
    "Mean Squared Error": 0.005501414089819409,
    "Mean Absolute Error": 0.058490723209568066,
    "R2 Score": 0.9861745704904009,
    "Adjusted R2 Score": 0.9794682054297745,
    "Test Score": 0.9375771899416669
}