{
    "Mean Squared Error": 0.013253728040989116,
    "Mean Absolute Error": 0.08655236236447472,
    "R2 Score": 0.9666924758292268,
    "Adjusted R2 Score": 0.9505358409702697,
    "Test Score": 0.9999856604405917
}