{
    "Mean Squared Error": 0.005668555042931938,
    "Mean Absolute Error": 0.058552366275216344,
    "R2 Score": 0.9857545338547837,
    "Adjusted R2 Score": 0.9788444196798654,
    "Test Score": 0.9404570973994479
}