{
    "Mean Squared Error": 0.005736716874581748,
    "Mean Absolute Error": 0.059589522332802874,
    "R2 Score": 0.9855832385144705,
    "Adjusted R2 Score": 0.9785900333162659,
    "Test Score": 0.9396902098595543
}