name,MAE,MSE,R2_Score,Adjusted,Train_Score,Test_Score,Time
ARDRegression,0.08655236236447472,0.013253728040989116,0.9666924758292268,0.9505358409702697,0.9708277037679766,0.9560993961770692,1.370676040649414
