name,MAE,MSE,R2_Score,Adjusted,Train_Score,Test_Score,Time
ARDRegression,0.08655236236447472,0.013253728040989116,0.9666924758292268,0.9505358409702697,0.9708277037679766,0.9560993961770692,0.8144233226776123
AdaBoostRegressor,0.1512428154218584,0.0334864432608935,0.9158462800160039,0.8750254456954087,0.9188856498408843,0.8687299744324732,3.2783470153808594
